time_bucket,article_count,tone_tone_mean,tone_negative_max,tone_positive_max,tone_volatility,theme_Energy_sum,theme_Environment_sum,theme_Infrastructure_sum,theme_Social_sum,theme_Health_sum,energy_crisis_indicator,weather_alert_indicator,social_event_indicator,infrastructure_stress,hour,day_of_week,is_weekend
2021-01-01 00:00:00,4.0,-1.1674009063632877,5.45454545454545,3.67860600193611,2.8683164508270322,0.0,1.0,3.0,2.0,2.0,0.0,2.72727272727273,0.08,16.36363636363635,0.0,4.0,0.0
2021-01-01 00:15:00,9.0,-3.843597711422117,10.7361963190184,3.59869138495093,9.8159509202454,0.0,3.0,3.0,6.0,7.0,0.0,29.447852760736204,0.54,32.2085889570552,0.0,4.0,0.0
2021-01-01 00:30:00,4.0,-3.2654366354110076,9.83240223463687,4.296875,7.59732891061452,0.0,1.0,2.0,2.0,4.0,0.0,7.20670391061452,0.08,19.66480446927374,0.0,4.0,0.0
2021-01-01 00:45:00,6.0,-1.594909094595895,5.34499514091351,3.63636363636364,4.525009509319131,1.0,4.0,2.0,3.0,5.0,5.34499514091351,16.73640167364016,0.18,10.68999028182702,0.0,4.0,0.0
2021-01-01 01:00:00,5.0,-2.4495199170374433,5.3030303030303,3.125,4.627772491032864,1.0,3.0,3.0,4.0,3.0,5.3030303030303,12.63157894736841,0.2,15.9090909090909,1.0,4.0,0.0
2021-01-01 01:15:00,3.0,-3.082662533310573,8.17686250757117,3.63636363636364,6.094997522162881,0.0,1.0,0.0,1.0,2.0,0.0,5.75408843125379,0.03,0.0,1.0,4.0,0.0
2021-01-01 01:30:00,9.0,-1.1057488015986892,6.22347949080622,5.02793296089385,6.75724795145117,0.0,0.0,0.0,2.0,7.0,0.0,0.0,0.18,0.0,1.0,4.0,0.0
2021-01-01 01:45:00,9.0,-0.4542305997009819,5.85365853658537,4.95049504950495,6.1649659863945505,0.0,0.0,3.0,1.0,3.0,0.0,0.0,0.09,17.56097560975611,1.0,4.0,0.0
2021-01-01 02:00:00,4.0,-0.6616215758985945,5.85365853658537,3.41463414634146,4.380771963059431,0.0,0.0,1.0,0.0,1.0,0.0,0.0,0.0,5.85365853658537,2.0,4.0,0.0
2021-01-01 02:15:00,3.0,-1.6384110468362563,5.8252427184466,3.39805825242718,1.862212714606991,0.0,0.0,2.0,1.0,0.0,0.0,0.0,0.03,11.6504854368932,2.0,4.0,0.0
2021-01-01 02:30:00,23.0,-1.262088130470087,7.18085106382979,5.12820512820513,9.36285936285936,2.0,8.0,6.0,8.0,17.0,14.36170212765958,47.55244755244752,1.84,43.085106382978736,2.0,4.0,0.0
2021-01-01 02:45:00,13.0,-0.5258945867870444,9.64912280701754,6.85567010309278,11.81135829263881,2.0,3.0,3.0,8.0,9.0,19.29824561403508,21.05263157894736,1.04,28.947368421052616,2.0,4.0,0.0
2021-01-01 03:00:00,8.0,-2.0288960905233155,8.83977900552486,4.33823529411765,10.28729281767956,1.0,1.0,4.0,4.0,4.0,8.83977900552486,8.28729281767956,0.32,35.35911602209944,3.0,4.0,0.0
2021-01-01 03:15:00,5.0,-2.0842443010706746,8.67208672086721,4.49640287769784,10.01491489735041,0.0,2.0,0.0,2.0,2.0,0.0,14.63414634146342,0.1,0.0,3.0,4.0,0.0
2021-01-01 03:30:00,5.0,-1.3980959805253863,6.22710622710623,4.54545454545455,4.94802282918875,1.0,2.0,4.0,3.0,3.0,6.22710622710623,7.62331838565022,0.15,24.90842490842492,3.0,4.0,0.0
2021-01-01 03:45:00,9.0,-1.1690445880973244,6.29301868239921,3.55329949238579,4.859620059809386,0.0,4.0,5.0,7.0,5.0,0.0,16.41961231470924,0.63,31.46509341199605,3.0,4.0,0.0
2021-01-01 04:00:00,26.0,-1.3576215594622112,8.30670926517572,9.09090909090909,15.5035603165654,1.0,7.0,7.0,11.0,11.0,8.30670926517572,55.91054313099045,2.86,58.146964856230035,4.0,4.0,0.0
2021-01-01 04:15:00,20.0,-2.1447397845029217,4.98261877172654,3.28407224958949,5.18153621601897,7.0,3.0,17.0,16.0,5.0,34.87833140208578,11.1111111111111,3.2,84.70451911935118,4.0,4.0,0.0
2021-01-01 04:30:00,19.0,-1.3860116349111677,8.36820083682008,7.79220779220779,14.123376623376629,1.0,4.0,7.0,3.0,8.0,8.36820083682008,26.62337662337664,0.57,58.57740585774056,4.0,4.0,0.0
2021-01-01 04:45:00,4.0,-0.6059268118659521,4.13223140495868,3.71900826446281,4.46064707217676,0.0,1.0,3.0,0.0,3.0,0.0,2.56191289496157,0.0,12.396694214876039,4.0,4.0,0.0
2021-01-01 05:00:00,19.0,1.501139007698364,6.2992125984252,20.4819277108434,23.40656213154081,0.0,7.0,6.0,3.0,10.0,0.0,20.47244094488187,0.57,37.7952755905512,5.0,4.0,0.0
2021-01-01 05:15:00,19.0,-0.6089785835095927,6.48148148148148,8.02005012531328,9.941520467836249,1.0,9.0,7.0,4.0,12.0,6.48148148148148,42.10526315789468,0.76,45.37037037037036,5.0,4.0,0.0
2021-01-01 05:30:00,9.0,-0.4750330511273344,6.89655172413793,4.87238979118329,4.54057679409792,1.0,3.0,8.0,4.0,6.0,6.89655172413793,9.99999999999999,0.36,55.17241379310344,5.0,4.0,0.0
2021-01-01 05:45:00,25.0,-0.24318053071174364,8.67208672086721,8.99470899470899,14.19538004903859,0.0,4.0,4.0,10.0,13.0,0.0,29.26829268292684,2.5,34.68834688346884,5.0,4.0,0.0
2021-01-01 06:00:00,21.0,0.14530822447896194,10.9464082098062,15.3439153439153,24.09187164033232,2.0,1.0,9.0,7.0,13.0,21.8928164196124,9.80615735461802,1.47,98.51767388825581,6.0,4.0,0.0
2021-01-01 06:15:00,12.0,1.118258552019889,5.28846153846154,19.7674418604651,22.32935475542667,0.0,4.0,4.0,2.0,7.0,0.0,10.24765157984628,0.24,21.15384615384616,6.0,4.0,0.0
2021-01-01 06:30:00,0.0,0.0,0.0,0.0,0.0,0.0,0.0,0.0,0.0,0.0,0.0,0.0,0.0,0.0,0.0,0.0,0.0
2021-01-01 06:45:00,11.0,-0.46147357156471447,6.37119113573407,6.26118067978533,5.96707615003047,1.0,3.0,2.0,2.0,7.0,6.37119113573407,10.38781163434902,0.22,12.74238227146814,6.0,4.0,0.0
2021-01-01 07:00:00,19.0,1.2813656518220402,5.5045871559633,11.340206185567,13.902119080528571,0.0,1.0,4.0,4.0,13.0,0.0,2.56191289496157,0.76,22.0183486238532,7.0,4.0,0.0
2021-01-01 07:15:00,38.0,-1.300813452139266,10.5348460291734,8.71369294605809,16.19099774627714,1.0,8.0,12.0,13.0,18.0,10.5348460291734,73.0964467005076,4.94,126.41815235008079,7.0,4.0,0.0
2021-01-01 07:30:00,30.0,-1.3207300905490025,9.75609756097561,6.52173913043478,13.693776314143978,1.0,5.0,12.0,12.0,11.0,9.75609756097561,43.6241610738255,3.6,117.07317073170731,7.0,4.0,0.0
2021-01-01 07:45:00,15.0,-2.1749500553702736,7.96252927400468,4.20168067226891,7.4950600117096,0.0,1.0,6.0,6.0,8.0,0.0,6.3231850117096,0.9,47.77517564402808,7.0,4.0,0.0
2021-01-01 08:00:00,18.0,-1.0605657805954813,7.18085106382979,5.75539568345324,7.829481095974289,5.0,2.0,4.0,3.0,8.0,35.90425531914895,11.70212765957448,0.54,28.72340425531916,8.0,4.0,0.0
2021-01-01 08:15:00,18.0,-1.2111220047150217,9.75609756097561,6.54205607476635,13.11450497682547,2.0,1.0,6.0,3.0,9.0,19.51219512195122,8.13008130081301,0.54,58.536585365853654,8.0,4.0,0.0
2021-01-01 08:30:00,26.0,0.18288967648289306,9.45945945945946,7.32984293193717,15.74218197254846,1.0,7.0,12.0,6.0,10.0,9.45945945945946,66.21621621621622,1.56,113.51351351351352,8.0,4.0,0.0
2021-01-01 08:45:00,38.0,0.22416415789301808,23.5294117647059,6.99088145896657,28.51383544071836,3.0,5.0,14.0,9.0,12.0,70.5882352941177,117.64705882352949,3.42,329.41176470588255,8.0,4.0,0.0
2021-01-01 09:00:00,29.0,-0.6856607814167501,10.0449775112444,6.54205607476635,13.53015081244424,1.0,0.0,5.0,18.0,8.0,10.0449775112444,0.0,5.22,50.224887556222,9.0,4.0,0.0
2021-01-01 09:15:00,16.0,-2.5165566602226384,8.68347338935574,4.90196078431373,7.69827666079867,1.0,1.0,5.0,7.0,8.0,8.68347338935574,6.1046511627907,1.12,43.4173669467787,9.0,4.0,0.0
2021-01-01 09:30:00,29.0,-0.7227463421433766,10.1123595505618,5.35714285714286,9.51935081148564,2.0,3.0,10.0,5.0,11.0,20.2247191011236,20.224719101123583,1.45,101.123595505618,9.0,4.0,0.0
2021-01-01 09:45:00,18.0,-2.466019583028918,8.93371757925072,3.6036036036036,8.99865382624003,3.0,1.0,8.0,3.0,8.0,26.80115273775216,6.89655172413793,0.54,71.46974063400576,9.0,4.0,0.0
2021-01-01 10:00:00,28.0,-1.0222718869114695,8.13953488372093,5.76576576576577,10.00586281024038,0.0,3.0,10.0,7.0,8.0,0.0,19.93355481727575,1.96,81.3953488372093,10.0,4.0,0.0
2021-01-01 10:15:00,20.0,-0.4807574071860398,9.21052631578947,6.54205607476635,14.19494999180193,0.0,2.0,6.0,5.0,7.0,0.0,18.42105263157894,1.0,55.26315789473682,10.0,4.0,0.0
2021-01-01 10:30:00,22.0,-0.29468169073275574,6.66666666666667,6.54205607476635,11.65109034267913,0.0,2.0,9.0,6.0,6.0,0.0,13.33333333333334,1.32,60.00000000000003,10.0,4.0,0.0
2021-01-01 10:45:00,24.0,-0.9783460862588461,8.87096774193548,7.9646017699115,15.22266628604053,1.0,2.0,5.0,8.0,14.0,8.87096774193548,14.51612903225806,1.92,44.3548387096774,10.0,4.0,0.0
2021-01-01 11:00:00,23.0,-1.9400551769193215,7.90273556231003,3.91459074733096,8.75878865860944,1.0,2.0,6.0,19.0,7.0,7.90273556231003,12.76595744680852,4.37,47.41641337386018,11.0,4.0,0.0
2021-01-01 11:15:00,41.0,-0.8264170952921173,10.1604278074866,7.82608695652174,17.11694954661704,3.0,2.0,13.0,12.0,19.0,30.481283422459803,20.3208556149732,4.92,132.0855614973258,11.0,4.0,0.0
2021-01-01 11:30:00,29.0,-0.8907363061354207,9.9609375,9.52380952380952,16.01748511904762,2.0,4.0,11.0,5.0,15.0,19.921875,33.59375,1.45,109.5703125,11.0,4.0,0.0
2021-01-01 11:45:00,42.0,-0.22606521312000918,8.13704496788009,7.20121028744327,12.47558795213863,1.0,4.0,15.0,11.0,20.0,8.13704496788009,25.45454545454544,4.62,122.05567451820136,11.0,4.0,0.0
2021-01-01 12:00:00,34.0,0.4040176224244062,7.87878787878788,13.4453781512605,19.93392776958111,4.0,3.0,15.0,8.0,14.0,31.51515151515152,19.465648854961827,2.72,118.1818181818182,12.0,4.0,0.0
2021-01-01 12:15:00,32.0,0.9381733044256145,9.93506493506494,10.4089219330855,17.67030367402115,0.0,1.0,8.0,7.0,15.0,0.0,8.37662337662338,2.24,79.48051948051952,12.0,4.0,0.0
2021-01-01 12:30:00,56.0,-0.4753961117239073,8.63636363636364,12.1212121212121,20.53030303030301,4.0,6.0,16.0,30.0,32.0,34.54545454545456,50.45454545454546,16.8,138.18181818181824,12.0,4.0,0.0
2021-01-01 12:45:00,26.0,-2.478280253318846,9.94152046783626,6.50684931506849,11.159844054580901,3.0,9.0,11.0,14.0,10.0,29.824561403508778,75.43859649122808,3.64,109.35672514619885,12.0,4.0,0.0
2021-01-01 13:00:00,19.0,-1.9013425791234226,9.94152046783626,4.51127819548872,11.765524923419662,2.0,7.0,4.0,9.0,6.0,19.88304093567252,58.674463937621844,1.71,39.76608187134504,13.0,4.0,0.0
2021-01-01 13:15:00,20.0,-1.5840668755977894,9.9544567338972,6.35451505016722,10.8840765275054,2.0,6.0,3.0,7.0,5.0,19.9089134677944,50.357839947950524,1.4,29.8633702016916,13.0,4.0,0.0
2021-01-01 13:30:00,33.0,-1.0613748543624872,10.6770833333333,5.68383658969805,14.40574129179066,1.0,6.0,7.0,17.0,12.0,10.6770833333333,62.0689655172414,5.61,74.7395833333331,13.0,4.0,0.0
2021-01-01 13:45:00,25.0,-0.47397092007273656,9.75609756097561,7.54716981132075,15.16912103083294,3.0,4.0,10.0,6.0,7.0,29.268292682926827,30.48780487804876,1.5,97.5609756097561,13.0,4.0,0.0
2021-01-01 14:00:00,0.0,0.0,0.0,0.0,0.0,0.0,0.0,0.0,0.0,0.0,0.0,0.0,0.0,0.0,0.0,0.0,0.0
2021-01-01 14:15:00,17.0,-1.0724480261312153,9.94152046783626,7.47663551401869,15.858701790821812,1.0,6.0,6.0,6.0,6.0,9.94152046783626,50.29239766081872,1.02,59.649122807017555,14.0,4.0,0.0
2021-01-01 14:30:00,31.0,-0.6243486926226397,9.94152046783626,6.25,12.54873294346979,2.0,5.0,7.0,16.0,11.0,19.88304093567252,41.910331384015606,4.96,69.59064327485382,14.0,4.0,0.0
2021-01-01 14:45:00,32.0,-0.6798043509236553,7.92682926829268,8.41121495327103,12.013180694827149,6.0,6.0,9.0,6.0,14.0,47.560975609756085,32.826747720364736,1.92,71.34146341463412,14.0,4.0,0.0
2021-01-01 15:00:00,24.0,-1.4935100823851004,11.1111111111111,4.29447852760736,13.87184730743012,3.0,0.0,12.0,4.0,6.0,33.3333333333333,0.0,0.96,133.3333333333332,15.0,4.0,0.0
2021-01-01 15:15:00,35.0,-1.5495428105126647,9.17721518987342,5.07246376811594,10.50149528410398,2.0,5.0,12.0,8.0,20.0,18.35443037974684,34.3915343915344,2.8,110.12658227848104,15.0,4.0,0.0
2021-01-01 15:30:00,50.0,-0.8464438998613852,9.94152046783626,10.2040816326531,18.586147909456223,3.0,11.0,17.0,28.0,13.0,29.824561403508778,92.20272904483433,14.0,169.0058479532164,15.0,4.0,0.0
2021-01-01 15:45:00,0.0,0.0,0.0,0.0,0.0,0.0,0.0,0.0,0.0,0.0,0.0,0.0,0.0,0.0,0.0,0.0,0.0
2021-01-01 16:00:00,27.0,-0.16246013007876983,7.40740740740741,7.54716981132075,14.42547668962763,1.0,2.0,14.0,7.0,16.0,7.40740740740741,13.75661375661376,1.89,103.70370370370374,16.0,4.0,0.0
2021-01-01 16:15:00,16.0,-1.7088117368012605,9.94152046783626,4.0,11.573555638505251,0.0,1.0,3.0,5.0,8.0,0.0,8.38206627680312,0.8,29.824561403508778,16.0,4.0,0.0
2021-01-01 16:30:00,38.0,-2.848557358104915,10.0247524752475,4.0650406504065,10.294634582814052,3.0,4.0,11.0,20.0,13.0,30.0742574257425,33.52826510721248,7.6,110.2722772277225,16.0,4.0,0.0
2021-01-01 16:45:00,15.0,-2.365071168198435,11.3636363636364,4.20560747663551,9.82370433305013,1.0,2.0,5.0,5.0,5.0,11.3636363636364,15.90909090909092,0.75,56.818181818182005,16.0,4.0,0.0
2021-01-01 17:00:00,25.0,-0.5589430846421637,11.4942528735632,8.59375,13.51472701149425,1.0,1.0,10.0,11.0,11.0,11.4942528735632,8.04597701149425,2.75,114.942528735632,17.0,4.0,0.0
2021-01-01 17:15:00,30.0,-1.772159692382263,8.25396825396825,4.08163265306122,8.148148148148149,4.0,3.0,17.0,14.0,12.0,33.015873015873,18.095238095238088,4.2,140.31746031746025,17.0,4.0,0.0
2021-01-01 17:30:00,26.0,-2.4797961166615043,6.99088145896657,3.96825396825397,8.09110320284698,1.0,4.0,7.0,19.0,8.0,6.99088145896657,22.4,4.94,48.936170212765994,17.0,4.0,0.0
2021-01-01 17:45:00,7.0,-2.0766693897382296,6.99088145896657,6.81818181818182,7.74385189278806,0.0,2.0,4.0,1.0,3.0,0.0,10.94224924012158,0.07,27.96352583586628,17.0,4.0,0.0
2021-01-01 18:00:00,10.0,-1.6189712418943878,5.67375886524823,3.3596837944664,6.23551716873815,1.0,1.0,6.0,5.0,5.0,5.67375886524823,4.25531914893617,0.5,34.042553191489375,18.0,4.0,0.0
2021-01-01 18:15:00,25.0,-1.0039011986547068,8.68544600938967,6.14525139664804,11.51657419263054,1.0,3.0,7.0,5.0,12.0,8.68544600938967,23.943661971831002,1.25,60.79812206572769,18.0,4.0,0.0
2021-01-01 18:30:00,19.0,-0.83187801773509,8.72641509433962,6.21468926553672,11.62711534720871,3.0,1.0,7.0,4.0,6.0,26.179245283018858,8.0188679245283,0.76,61.08490566037734,18.0,4.0,0.0
2021-01-01 18:45:00,28.0,-1.2475595329574056,9.74025974025974,8.59375,14.55965909090909,2.0,1.0,12.0,20.0,11.0,19.48051948051948,9.09090909090909,5.6,116.88311688311688,18.0,4.0,0.0
2021-01-01 19:00:00,20.0,-1.6277912705003867,9.05730129390018,5.5,11.34541154724366,1.0,1.0,7.0,11.0,10.0,9.05730129390018,7.30129390018484,2.2,63.401109057301255,19.0,4.0,0.0
2021-01-01 19:15:00,15.0,-0.6001693393030082,8.54700854700855,5.99369085173502,10.767613038906418,2.0,2.0,2.0,5.0,4.0,17.0940170940171,13.33333333333334,0.75,17.0940170940171,19.0,4.0,0.0
2021-01-01 19:30:00,10.0,-2.812499992550128,8.7463556851312,6.01503759398496,7.617001687893199,1.0,2.0,6.0,6.0,4.0,8.7463556851312,12.82798833819242,0.6,52.478134110787195,19.0,4.0,0.0
2021-01-01 19:45:00,16.0,-1.5446881169070465,9.94152046783626,5.93471810089021,11.53996101364523,2.0,1.0,3.0,4.0,8.0,19.88304093567252,8.38206627680312,0.64,29.824561403508778,19.0,4.0,0.0
2021-01-01 20:00:00,18.0,-1.0844873499626824,7.97546012269939,6.31364562118126,9.62433288239404,1.0,2.0,5.0,3.0,7.0,7.97546012269939,13.13868613138686,0.54,39.87730061349695,20.0,4.0,0.0
2021-01-01 20:15:00,29.0,0.08480274754736443,7.02341137123746,7.75510204081633,11.46224376038041,2.0,3.0,5.0,10.0,16.0,14.04682274247492,18.06020066889633,2.9,35.1170568561873,20.0,4.0,0.0
2021-01-01 20:30:00,10.0,-1.1582731370630621,7.42857142857143,4.59363957597173,7.6100178890876595,2.0,2.0,8.0,2.0,4.0,14.85714285714286,12.0,0.2,59.42857142857144,20.0,4.0,0.0
2021-01-01 20:45:00,11.0,-1.57945012540878,7.32833237160992,4.88225157955198,8.35400127206011,0.0,2.0,4.0,4.0,6.0,0.0,11.07905366416618,0.44,29.31332948643968,20.0,4.0,0.0
2021-01-01 21:00:00,8.0,-1.1513075368266659,9.65250965250965,5.01930501930502,7.33590733590733,0.0,1.0,2.0,1.0,3.0,0.0,4.63320463320463,0.08,19.3050193050193,21.0,4.0,0.0
2021-01-01 21:15:00,18.0,-0.7944654075113005,6.282722513089,4.71698113207547,6.50821188989128,1.0,4.0,6.0,5.0,11.0,6.282722513089,16.36363636363636,0.9,37.696335078534005,21.0,4.0,0.0
2021-01-01 21:30:00,13.0,-0.3704677953679312,6.282722513089,4.71698113207547,5.27988330598318,2.0,3.0,5.0,3.0,6.0,12.565445026178,8.37696335078535,0.39,31.413612565445,21.0,4.0,0.0
2021-01-01 21:45:00,8.0,-1.8551379011427103,10.0613496932515,4.41717791411043,7.47065579740594,0.0,2.0,1.0,4.0,6.0,0.0,11.2883435582822,0.32,10.0613496932515,21.0,4.0,0.0
2021-01-01 22:00:00,3.0,-1.7331536130469267,3.95480225988701,2.53807106598985,4.122573059164299,0.0,0.0,0.0,0.0,3.0,0.0,0.0,0.0,0.0,22.0,4.0,0.0
2021-01-01 22:15:00,11.0,-1.9858321713092644,9.97198879551821,4.57516339869281,9.18778666845224,1.0,0.0,0.0,5.0,8.0,9.97198879551821,0.0,0.55,0.0,22.0,4.0,0.0
2021-01-01 22:30:00,3.0,-1.4686819771565531,3.95480225988701,0.847457627118644,3.10734463276836,0.0,0.0,1.0,1.0,1.0,0.0,0.0,0.03,3.95480225988701,22.0,4.0,0.0
2021-01-01 22:45:00,9.0,-2.249426338063518,7.12401055408971,4.78547854785479,6.035946602575825,0.0,2.0,1.0,5.0,3.0,0.0,11.08179419525066,0.45,7.12401055408971,22.0,4.0,0.0
2021-01-01 23:00:00,14.0,-0.640543955014459,9.05730129390018,6.10021786492375,12.106098704989641,1.0,3.0,5.0,5.0,11.0,9.05730129390018,21.90388170055452,0.7,45.2865064695009,23.0,4.0,0.0
2021-01-01 23:15:00,4.0,-1.301572176999125,4.15647921760391,2.72727272727273,4.70860943838343,0.0,1.0,2.0,2.0,2.0,0.0,3.09859154929577,0.08,8.31295843520782,23.0,4.0,0.0
2021-01-01 23:30:00,6.0,-1.4538919450701966,8.65800865800866,4.41501103752759,9.806135893092419,0.0,0.0,0.0,3.0,5.0,0.0,0.0,0.18,0.0,23.0,4.0,0.0
2021-01-01 23:45:00,4.0,-2.492682780547505,7.12401055408971,5.89285714285714,7.68375424048247,0.0,0.0,1.0,1.0,3.0,0.0,0.0,0.04,7.12401055408971,23.0,4.0,0.0
2021-01-02 00:00:00,3.0,-2.6610593371724764,3.95480225988701,1.12540192926045,1.3388558867876499,0.0,0.0,0.0,1.0,3.0,0.0,0.0,0.03,0.0,0.0,5.0,1.0
2021-01-02 00:15:00,6.0,-2.1964472398010715,6.33284241531664,3.0664395229983,6.44738995254459,0.0,0.0,2.0,2.0,2.0,0.0,0.0,0.12,12.66568483063328,0.0,5.0,1.0
2021-01-02 00:30:00,2.0,-4.95367231638418,8.0,1.2,3.69265536723164,1.0,0.0,0.0,1.0,1.0,8.0,0.0,0.02,0.0,0.0,5.0,1.0
2021-01-02 00:45:00,0.0,0.0,0.0,0.0,0.0,0.0,0.0,0.0,0.0,0.0,0.0,0.0,0.0,0.0,0.0,0.0,0.0
2021-01-02 01:00:00,2.0,-4.078006251238425,8.32795351839897,2.7002700270027,6.17581448267487,0.0,1.0,1.0,1.0,1.0,0.0,7.16591349257586,0.02,8.32795351839897,1.0,5.0,1.0
2021-01-02 01:15:00,5.0,-1.425565871968002,6.76328502415459,5.89285714285714,6.9737750172532795,0.0,1.0,2.0,0.0,4.0,0.0,4.83091787439614,0.0,13.52657004830918,1.0,5.0,1.0
2021-01-02 01:30:00,9.0,0.3878336801908415,3.95480225988701,8.02919708029197,8.94676069116252,0.0,0.0,1.0,0.0,7.0,0.0,0.0,0.0,3.95480225988701,1.0,5.0,1.0
2021-01-02 01:45:00,3.0,-3.4565943622265904,7.9073482428115,2.23642172523962,4.07941458123237,0.0,0.0,0.0,1.0,3.0,0.0,0.0,0.03,0.0,1.0,5.0,1.0
2021-01-02 02:00:00,2.0,-1.152385169303905,7.2289156626506,4.44874274661509,7.33378387825965,0.0,0.0,0.0,0.0,0.0,0.0,0.0,0.0,0.0,2.0,5.0,1.0
2021-01-02 02:15:00,4.0,-1.12746828432896,4.09356725146199,1.67464114832536,4.70494417862839,0.0,2.0,3.0,0.0,1.0,0.0,7.01754385964912,0.0,12.28070175438597,2.0,5.0,1.0
2021-01-02 02:30:00,15.0,-1.601353017907167,7.2992700729927,3.28467153284672,5.89631897025351,0.0,1.0,6.0,5.0,5.0,0.0,4.01459854014598,0.75,43.7956204379562,2.0,5.0,1.0
2021-01-02 02:45:00,2.0,-3.1941079940611052,6.41361256544503,3.01047120418848,0.41806673439086994,1.0,0.0,1.0,0.0,1.0,6.41361256544503,0.0,0.0,6.41361256544503,2.0,5.0,1.0
2021-01-02 03:00:00,2.0,-0.7987982929020689,5.0314465408805,2.9874213836478,2.490453728661282,0.0,1.0,2.0,0.0,2.0,0.0,2.04402515723271,0.0,10.062893081761,3.0,5.0,1.0
2021-01-02 03:15:00,18.0,-1.665735294431548,10.126582278481,4.13223140495868,12.843973582828829,1.0,1.0,5.0,6.0,6.0,10.126582278481,10.126582278481,1.08,50.63291139240499,3.0,5.0,1.0
2021-01-02 03:30:00,0.0,0.0,0.0,0.0,0.0,0.0,0.0,0.0,0.0,0.0,0.0,0.0,0.0,0.0,0.0,0.0,0.0
2021-01-02 03:45:00,16.0,0.13485040108125018,7.63888888888889,6.96517412935323,13.909618573797669,1.0,3.0,8.0,4.0,12.0,7.63888888888889,20.83333333333332,0.64,61.11111111111112,3.0,5.0,1.0
2021-01-02 04:00:00,16.0,0.6103183446007359,8.46047156726768,7.80821917808219,11.512739156042791,1.0,1.0,7.0,4.0,9.0,8.46047156726768,6.03328710124827,0.64,59.22330097087376,4.0,5.0,1.0
2021-01-02 04:15:00,4.0,-4.312308326444793,9.29095354523227,2.68948655256724,6.39638834257107,0.0,1.0,0.0,3.0,1.0,0.0,7.4468085106383,0.12,0.0,4.0,5.0,1.0
2021-01-02 04:30:00,12.0,-1.2927240915219833,4.34782608695652,2.90023201856148,4.025052370569879,2.0,3.0,5.0,2.0,6.0,8.69565217391304,9.42028985507247,0.24,21.7391304347826,4.0,5.0,1.0
2021-01-02 04:45:00,0.0,0.0,0.0,0.0,0.0,0.0,0.0,0.0,0.0,0.0,0.0,0.0,0.0,0.0,0.0,0.0,0.0
2021-01-02 05:00:00,12.0,-1.2624217236341855,8.33333333333333,3.47222222222222,7.8373015873015905,0.0,3.0,0.0,3.0,8.0,0.0,18.75,0.36,0.0,5.0,5.0,1.0
2021-01-02 05:15:00,15.0,-0.958112688159655,10.2564102564103,6.81818181818182,8.682983682983679,0.0,2.0,3.0,2.0,8.0,0.0,12.82051282051282,0.3,30.7692307692309,5.0,5.0,1.0
2021-01-02 05:30:00,14.0,-0.5008356147463934,7.35294117647059,6.92771084337349,9.95475113122172,0.0,3.0,5.0,2.0,10.0,0.0,15.441176470588232,0.28,36.76470588235295,5.0,5.0,1.0
2021-01-02 05:45:00,23.0,-0.181878553805098,6.64652567975831,5.48523206751055,10.501357604497311,3.0,2.0,9.0,1.0,8.0,19.93957703927493,10.8761329305136,0.23,59.81873111782479,5.0,5.0,1.0
2021-01-02 06:00:00,10.0,0.148660939532076,6.09523809523809,6.39147802929427,10.49473226892582,0.0,0.0,2.0,2.0,4.0,0.0,0.0,0.2,12.19047619047618,6.0,5.0,1.0
2021-01-02 06:15:00,21.0,-1.398948985835379,11.7283950617284,7.87269681742044,16.72973923113514,1.0,3.0,9.0,6.0,9.0,11.7283950617284,32.0987654320989,1.26,105.5555555555556,6.0,5.0,1.0
2021-01-02 06:30:00,9.0,-0.9187448709053369,4.94623655913978,2.9925187032419,3.260129246775532,1.0,0.0,3.0,1.0,8.0,4.94623655913978,0.0,0.09,14.838709677419338,6.0,5.0,1.0
2021-01-02 06:45:00,19.0,-0.2787171877962649,7.78443113772455,8.30945558739255,14.40305635148042,3.0,1.0,2.0,6.0,16.0,23.35329341317365,6.66666666666667,1.14,15.5688622754491,6.0,5.0,1.0
2021-01-02 07:00:00,41.0,-0.8291805942538318,6.41025641025641,5.12820512820513,9.76590761382726,3.0,4.0,13.0,14.0,18.0,19.23076923076923,21.71945701357464,5.74,83.33333333333333,7.0,5.0,1.0
2021-01-02 07:15:00,26.0,-1.6633664274633009,7.94979079497908,7.71604938271605,12.42832790949946,2.0,1.0,3.0,18.0,3.0,15.89958158995816,5.02092050209205,4.68,23.84937238493724,7.0,5.0,1.0
2021-01-02 07:30:00,11.0,-0.6116486020834369,9.09090909090909,6.75675675675676,11.10769860769861,0.0,2.0,6.0,4.0,8.0,0.0,15.90909090909092,0.44,54.54545454545454,7.0,5.0,1.0
2021-01-02 07:45:00,9.0,-0.4416843345618773,5.42986425339367,6.7891552767197,10.48936301799715,1.0,0.0,3.0,4.0,6.0,5.42986425339367,0.0,0.36,16.28959276018101,7.0,5.0,1.0
2021-01-02 08:00:00,0.0,0.0,0.0,0.0,0.0,0.0,0.0,0.0,0.0,0.0,0.0,0.0,0.0,0.0,0.0,0.0,0.0
2021-01-02 08:15:00,21.0,0.19437558762601143,6.89655172413793,8.48214285714286,12.571839080459771,3.0,2.0,9.0,6.0,10.0,20.68965517241379,12.64367816091954,1.26,62.06896551724137,8.0,5.0,1.0
2021-01-02 08:30:00,19.0,0.9763340495423913,3.48837209302326,10.4651162790698,10.07751937984496,1.0,3.0,6.0,7.0,9.0,3.48837209302326,9.30232558139535,1.33,20.930232558139558,8.0,5.0,1.0
2021-01-02 08:45:00,17.0,-1.122219862418618,10.1876675603217,5.43478260869565,13.20229630493065,1.0,3.0,6.0,5.0,8.0,10.1876675603217,24.93297587131368,0.85,61.1260053619302,8.0,5.0,1.0
2021-01-02 09:00:00,25.0,0.00783516561601985,8.08678500986193,6.94736842105263,10.79780739355208,1.0,1.0,7.0,8.0,12.0,8.08678500986193,5.40098199672668,2.0,56.60749506903352,9.0,5.0,1.0
2021-01-02 09:15:00,25.0,-1.5976059298408183,6.63900414937759,6.81818181818182,9.66040247546485,0.0,2.0,3.0,19.0,8.0,0.0,10.78838174273858,4.75,19.91701244813277,9.0,5.0,1.0
2021-01-02 09:30:00,26.0,-0.019051488661787082,8.71559633027523,8.48214285714286,14.04816513761468,0.0,1.0,8.0,11.0,13.0,0.0,7.79816513761468,2.86,69.72477064220185,9.0,5.0,1.0
2021-01-02 09:45:00,0.0,0.0,0.0,0.0,0.0,0.0,0.0,0.0,0.0,0.0,0.0,0.0,0.0,0.0,0.0,0.0,0.0
2021-01-02 10:00:00,20.0,0.23247753999067786,8.22784810126582,8.44444444444444,12.762306610407869,0.0,0.0,5.0,5.0,11.0,0.0,0.0,1.0,41.1392405063291,10.0,5.0,1.0
2021-01-02 10:15:00,0.0,0.0,0.0,0.0,0.0,0.0,0.0,0.0,0.0,0.0,0.0,0.0,0.0,0.0,0.0,0.0,0.0
2021-01-02 10:30:00,33.0,-1.3845573893206848,10.4294478527607,5.01579778830964,13.73809113675814,3.0,4.0,11.0,11.0,18.0,31.2883435582821,36.80981595092024,3.63,114.72392638036771,10.0,5.0,1.0
2021-01-02 10:45:00,46.0,-0.9631162930349227,8.60215053763441,6.99088145896657,12.69405497270975,1.0,1.0,20.0,25.0,25.0,8.60215053763441,7.52688172043011,11.5,172.0430107526882,10.0,5.0,1.0
2021-01-02 11:00:00,38.0,-0.44168111544123134,11.1524163568773,9.52380952380952,17.030669144981402,0.0,5.0,19.0,13.0,22.0,0.0,53.903345724907005,4.94,211.8959107806687,11.0,5.0,1.0
2021-01-02 11:15:00,22.0,-0.28416505978074835,7.5,5.03355704697987,11.13567073170732,1.0,1.0,8.0,10.0,16.0,7.5,6.5625,2.2,60.0,11.0,5.0,1.0
2021-01-02 11:30:00,45.0,-0.3781840245951132,8.79396984924623,7.09876543209876,12.784602022457971,2.0,5.0,19.0,21.0,24.0,17.58793969849246,37.6884422110553,9.45,167.08542713567837,11.0,5.0,1.0
2021-01-02 11:45:00,38.0,-0.5012339205717232,10.5485232067511,6.09137055837564,15.37407098031657,2.0,3.0,12.0,20.0,19.0,21.0970464135022,27.84810126582279,7.6,126.58227848101319,11.0,5.0,1.0
2021-01-02 12:00:00,0.0,0.0,0.0,0.0,0.0,0.0,0.0,0.0,0.0,0.0,0.0,0.0,0.0,0.0,0.0,0.0,0.0
2021-01-02 12:15:00,29.0,-0.5995935800805798,8.61538461538461,6.72645739910314,10.8951048951049,1.0,4.0,14.0,9.0,16.0,8.61538461538461,28.30769230769232,2.61,120.61538461538453,12.0,5.0,1.0
2021-01-02 12:30:00,22.0,-0.738669479244383,6.2992125984252,4.63173880030372,8.24099360684727,1.0,3.0,10.0,10.0,13.0,6.2992125984252,15.315315315315331,2.2,62.992125984252,12.0,5.0,1.0
2021-01-02 12:45:00,0.0,0.0,0.0,0.0,0.0,0.0,0.0,0.0,0.0,0.0,0.0,0.0,0.0,0.0,0.0,0.0,0.0
2021-01-02 13:00:00,24.0,-0.5123224549936568,7.97636632200886,7.14285714285714,11.92647504059745,0.0,0.0,10.0,4.0,10.0,0.0,0.0,0.96,79.7636632200886,13.0,5.0,1.0
2021-01-02 13:15:00,25.0,-0.22787123136011117,10.8823529411765,6.13636363636364,13.41625407559472,0.0,0.0,13.0,2.0,18.0,0.0,0.0,0.5,141.47058823529449,13.0,5.0,1.0
2021-01-02 13:30:00,14.0,-0.9094488020530551,8.13953488372093,6.04651162790698,11.232318388875571,2.0,0.0,5.0,4.0,5.0,16.27906976744186,0.0,0.56,40.69767441860465,13.0,5.0,1.0
2021-01-02 13:45:00,22.0,-2.7854341689666,10.8823529411765,4.9951028403526,12.42534311694012,1.0,2.0,8.0,4.0,14.0,10.8823529411765,21.0526315789474,0.88,87.058823529412,13.0,5.0,1.0
2021-01-02 14:00:00,0.0,0.0,0.0,0.0,0.0,0.0,0.0,0.0,0.0,0.0,0.0,0.0,0.0,0.0,0.0,0.0,0.0
2021-01-02 14:15:00,0.0,0.0,0.0,0.0,0.0,0.0,0.0,0.0,0.0,0.0,0.0,0.0,0.0,0.0,0.0,0.0,0.0
2021-01-02 14:30:00,27.0,-0.6274336662519566,11.1864406779661,5.66631689401889,15.75961140967342,1.0,2.0,8.0,7.0,14.0,11.1864406779661,22.3728813559322,1.89,89.4915254237288,14.0,5.0,1.0
2021-01-02 14:45:00,36.0,-0.7570182603820954,11.1864406779661,7.21311475409836,17.41594887468741,1.0,5.0,15.0,5.0,22.0,11.1864406779661,55.932203389830505,1.8,167.79661016949152,14.0,5.0,1.0
2021-01-02 15:00:00,17.0,-1.3997576713023563,11.1864406779661,4.90463215258856,14.72867501039117,0.0,0.0,7.0,5.0,11.0,0.0,0.0,0.85,78.3050847457627,15.0,5.0,1.0
2021-01-02 15:15:00,31.0,-1.7015021878529693,11.9565217391304,5.48780487804878,15.44273594909862,1.0,4.0,7.0,25.0,15.0,11.9565217391304,43.4782608695652,7.75,83.6956521739128,15.0,5.0,1.0
2021-01-02 15:30:00,28.0,-1.7336848002590366,11.913357400722,4.8780487804878,15.10285083411787,1.0,3.0,11.0,7.0,19.0,11.913357400722,35.740072202166,1.96,131.046931407942,15.0,5.0,1.0
2021-01-02 15:45:00,17.0,-0.7377524621243874,8.34990059642147,5.88235294117647,12.50465123696325,0.0,6.0,9.0,6.0,12.0,0.0,42.9423459244533,1.02,75.14910536779323,15.0,5.0,1.0
2021-01-02 16:00:00,31.0,-0.988849667791004,9.67741935483871,5.70342205323194,13.74814900844923,0.0,9.0,18.0,20.0,17.0,0.0,79.17888563049853,6.2,174.19354838709677,16.0,5.0,1.0
2021-01-02 16:15:00,28.0,-0.9917135398284044,10.8552631578947,5.46875,12.69081795397586,1.0,5.0,13.0,5.0,19.0,10.8552631578947,52.631578947368496,1.4,141.1184210526311,16.0,5.0,1.0
2021-01-02 16:30:00,13.0,-1.3014782080248053,10.8552631578947,5.35714285714286,12.31203007518799,1.0,5.0,7.0,5.0,9.0,10.8552631578947,52.631578947368496,0.65,75.98684210526291,16.0,5.0,1.0
2021-01-02 16:45:00,11.0,-0.850936762216019,7.06521739130435,4.67289719626168,5.7763975155279494,0.0,3.0,8.0,5.0,9.0,0.0,13.04347826086956,0.55,56.5217391304348,16.0,5.0,1.0
2021-01-02 17:00:00,9.0,-1.2796303745621147,6.2992125984252,4.6875,4.605231054506412,0.0,3.0,4.0,4.0,5.0,0.0,12.03703703703702,0.36,25.1968503937008,17.0,5.0,1.0
2021-01-02 17:15:00,18.0,-0.2939370553539596,5.63380281690141,6.04651162790698,8.22286661143331,2.0,5.0,9.0,2.0,11.0,11.26760563380282,26.408450704225352,0.36,50.70422535211269,17.0,5.0,1.0
2021-01-02 17:30:00,17.0,-1.9923599503219738,9.33333333333333,4.6875,12.15503875968993,0.0,1.0,2.0,4.0,10.0,0.0,8.66666666666667,0.68,18.66666666666666,17.0,5.0,1.0
2021-01-02 17:45:00,20.0,-1.0258790028168314,11.1864406779661,6.30630630630631,14.7900442815697,0.0,3.0,9.0,4.0,15.0,0.0,33.5593220338983,0.8,100.6779661016949,17.0,5.0,1.0
2021-01-02 18:00:00,14.0,-2.1905223581631845,11.1864406779661,8.75576036866359,17.63805358119191,0.0,3.0,5.0,5.0,8.0,0.0,33.5593220338983,0.7,55.932203389830505,18.0,5.0,1.0
2021-01-02 18:15:00,17.0,-4.803733088841049,10.958904109589,4.6875,10.577797998180149,0.0,0.0,4.0,11.0,11.0,0.0,0.0,1.87,43.835616438356,18.0,5.0,1.0
2021-01-02 18:30:00,0.0,0.0,0.0,0.0,0.0,0.0,0.0,0.0,0.0,0.0,0.0,0.0,0.0,0.0,0.0,0.0,0.0
2021-01-02 18:45:00,0.0,0.0,0.0,0.0,0.0,0.0,0.0,0.0,0.0,0.0,0.0,0.0,0.0,0.0,0.0,0.0,0.0
2021-01-02 19:00:00,15.0,-0.07137580950608521,5.73065902578797,6.56167979002625,4.5954346068187295,0.0,4.0,5.0,3.0,12.0,0.0,9.98278829604132,0.45,28.653295128939853,19.0,5.0,1.0
2021-01-02 19:15:00,11.0,-2.8436061421669043,11.2970711297071,3.03030303030303,12.902575716863058,0.0,3.0,4.0,4.0,8.0,0.0,33.8912133891213,0.44,45.1882845188284,19.0,5.0,1.0
2021-01-02 19:30:00,26.0,-0.6027444292621833,8.10810810810811,5.55555555555556,11.03961103961104,3.0,5.0,11.0,7.0,17.0,24.32432432432433,36.679536679536696,1.82,89.18918918918922,19.0,5.0,1.0
2021-01-02 19:45:00,11.0,0.28036260544182706,7.78364116094987,6.5439672801636,8.37402229128912,2.0,3.0,7.0,3.0,7.0,15.56728232189974,14.44591029023748,0.33,54.48548812664909,19.0,5.0,1.0
2021-01-02 20:00:00,31.0,-1.4846119335044714,9.33333333333333,5.13274336283186,12.18229166666667,2.0,4.0,16.0,7.0,15.0,18.66666666666666,34.66666666666668,2.17,149.3333333333333,20.0,5.0,1.0
2021-01-02 20:15:00,14.0,-0.8861293192528642,8.51063829787234,4.8780487804878,11.40951247334226,0.0,1.0,8.0,6.0,7.0,0.0,7.4468085106383,0.84,68.08510638297872,20.0,5.0,1.0
2021-01-02 20:30:00,12.0,-1.2467388136444646,6.20842572062084,4.32098765432099,6.61580273640961,0.0,2.0,6.0,1.0,6.0,0.0,7.98226164079822,0.12,37.25055432372504,20.0,5.0,1.0
2021-01-02 20:45:00,1.0,2.4822695035461,0.709219858156028,3.19148936170213,0.0,0.0,0.0,0.0,0.0,0.0,0.0,0.0,0.0,0.0,20.0,5.0,1.0
2021-01-02 21:00:00,8.0,-1.5895563747840822,8.55949895615866,4.51882845188285,9.69226334500922,0.0,0.0,4.0,0.0,6.0,0.0,0.0,0.0,34.23799582463464,21.0,5.0,1.0
2021-01-02 21:15:00,10.0,-2.2682133713063077,10.15625,7.63546798029557,16.067580049261082,0.0,0.0,4.0,3.0,6.0,0.0,0.0,0.3,40.625,21.0,5.0,1.0
2021-01-02 21:30:00,4.0,-1.4881656121813585,6.2992125984252,4.32098765432099,3.600310096373086,0.0,1.0,3.0,2.0,3.0,0.0,2.92463442069741,0.08,18.8976377952756,21.0,5.0,1.0
2021-01-02 21:45:00,8.0,-0.0631824700947134,6.42424242424242,6.41330166270784,6.65193176336447,0.0,2.0,4.0,2.0,8.0,0.0,7.51515151515152,0.16,25.69696969696968,21.0,5.0,1.0
2021-01-02 22:00:00,11.0,-2.5476154807341858,12.0879120879121,4.40074906367041,15.64663094912206,2.0,2.0,6.0,3.0,8.0,24.1758241758242,24.1758241758242,0.33,72.5274725274726,22.0,5.0,1.0
2021-01-02 22:15:00,2.0,1.0491147429349699,3.93258426966292,4.54545454545455,4.71995233231188,1.0,1.0,1.0,2.0,0.0,3.93258426966292,1.31086142322097,0.04,3.93258426966292,22.0,5.0,1.0
2021-01-02 22:30:00,0.0,0.0,0.0,0.0,0.0,0.0,0.0,0.0,0.0,0.0,0.0,0.0,0.0,0.0,0.0,0.0,0.0
2021-01-02 22:45:00,1.0,-3.03188708834292,3.92054364871929,0.888656560376372,0.0,0.0,1.0,1.0,1.0,1.0,0.0,3.03188708834292,0.01,3.92054364871929,22.0,5.0,1.0
2021-01-02 23:00:00,4.0,-0.9595050424537237,6.17283950617284,4.32098765432099,2.527527527527526,1.0,0.0,2.0,2.0,2.0,6.17283950617284,0.0,0.08,12.34567901234568,23.0,5.0,1.0
2021-01-02 23:15:00,0.0,0.0,0.0,0.0,0.0,0.0,0.0,0.0,0.0,0.0,0.0,0.0,0.0,0.0,0.0,0.0,0.0
2021-01-02 23:30:00,4.0,-0.2814415505329555,6.17283950617284,5.53470919324578,7.229965156794419,0.0,0.0,1.0,1.0,3.0,0.0,0.0,0.04,6.17283950617284,23.0,5.0,1.0
2021-01-02 23:45:00,7.0,-0.4559770449569188,6.17283950617284,5.48780487804878,7.37968036183162,0.0,2.0,4.0,3.0,6.0,0.0,6.22277535780958,0.21,24.69135802469136,23.0,5.0,1.0
2021-01-03 00:00:00,6.0,-0.08681523013388286,7.05128205128205,4.82456140350877,6.46648672964462,0.0,1.0,2.0,2.0,4.0,0.0,4.27350427350427,0.12,14.1025641025641,0.0,6.0,1.0
2021-01-03 00:15:00,0.0,0.0,0.0,0.0,0.0,0.0,0.0,0.0,0.0,0.0,0.0,0.0,0.0,0.0,0.0,0.0,0.0
2021-01-03 00:30:00,4.0,-3.2178757990192297,10.4683195592287,5.28700906344411,11.20571271628673,0.0,1.0,3.0,2.0,4.0,0.0,9.09090909090909,0.08,31.4049586776861,0.0,6.0,1.0
2021-01-03 00:45:00,4.0,-4.99956352526039,10.4683195592287,2.29591836734694,5.71379839672522,0.0,0.0,3.0,3.0,3.0,0.0,0.0,0.12,31.4049586776861,0.0,6.0,1.0
2021-01-03 01:00:00,1.0,0.648298217179903,3.72771474878444,4.37601296596434,0.0,0.0,0.0,1.0,1.0,1.0,0.0,0.0,0.01,3.72771474878444,1.0,6.0,1.0
2021-01-03 01:15:00,5.0,-3.5013793874934236,9.18367346938776,2.28953856991899,6.731195472200859,1.0,1.0,4.0,3.0,3.0,9.18367346938776,7.82312925170068,0.15,36.73469387755104,1.0,6.0,1.0
2021-01-03 01:30:00,10.0,-2.6619251263922434,8.7431693989071,4.1036717062635,7.8871135945204776,0.0,2.0,6.0,3.0,4.0,0.0,14.98371335504886,0.3,52.459016393442596,1.0,6.0,1.0
2021-01-03 01:45:00,8.0,-0.9250259729944277,8.13008130081301,4.49561403508772,10.16795036371417,1.0,2.0,4.0,4.0,5.0,8.13008130081301,14.63414634146342,0.32,32.52032520325204,1.0,6.0,1.0
2021-01-03 02:00:00,5.0,-0.6245268498217464,6.47482014388489,4.18918918918919,6.203757373248321,1.0,1.0,1.0,1.0,3.0,6.47482014388489,3.59712230215827,0.05,6.47482014388489,2.0,6.0,1.0
2021-01-03 02:15:00,4.0,-1.618705398793642,9.89136649514008,5.14705882352941,12.399942824471129,0.0,0.0,1.0,3.0,2.0,0.0,0.0,0.12,9.89136649514008,2.0,6.0,1.0
2021-01-03 02:30:00,6.0,-0.9534507806903872,8.86075949367089,6.38977635782748,12.284816866852701,0.0,0.0,1.0,3.0,2.0,0.0,0.0,0.18,8.86075949367089,2.0,6.0,1.0
2021-01-03 02:45:00,10.0,-4.666887242033306,12.0141342756184,3.30434782608696,12.61242646003729,0.0,5.0,8.0,3.0,5.0,0.0,56.105610561056,0.3,96.1130742049472,2.0,6.0,1.0
2021-01-03 03:00:00,7.0,-0.7504370083925059,8.78552971576227,5.13447432762836,11.6500192692835,0.0,2.0,2.0,2.0,4.0,0.0,14.98708010335918,0.14,17.57105943152454,3.0,6.0,1.0
2021-01-03 03:15:00,4.0,-3.1006692012617103,8.04123711340206,2.74509803921569,5.00909642207399,1.0,1.0,1.0,1.0,4.0,8.04123711340206,6.18556701030928,0.04,8.04123711340206,3.0,6.0,1.0
2021-01-03 03:30:00,10.0,-1.748633049142843,11.9565217391304,5.14705882352941,12.862318840579709,0.0,0.0,2.0,6.0,4.0,0.0,0.0,0.6,23.9130434782608,3.0,6.0,1.0
2021-01-03 03:45:00,16.0,-0.04525855329371621,6.32478632478632,5.98802395209581,9.23384001228312,1.0,6.0,6.0,5.0,9.0,6.32478632478632,33.84615384615384,0.8,37.94871794871792,3.0,6.0,1.0
2021-01-03 04:00:00,8.0,-1.675599748013677,8.33333333333333,4.21052631578947,8.533379625037199,1.0,2.0,6.0,5.0,7.0,8.33333333333333,14.70588235294118,0.4,49.999999999999986,4.0,6.0,1.0
2021-01-03 04:15:00,0.0,0.0,0.0,0.0,0.0,0.0,0.0,0.0,0.0,0.0,0.0,0.0,0.0,0.0,0.0,0.0,0.0
2021-01-03 04:30:00,16.0,-1.1283967448758083,8.73983739837398,5.03875968992248,10.9061221998413,2.0,1.0,7.0,8.0,7.0,17.47967479674796,7.61154855643045,1.28,61.178861788617866,4.0,6.0,1.0
2021-01-03 04:45:00,7.0,-0.4629150833722031,6.17283950617284,4.63768115942029,4.86858265782363,0.0,2.0,4.0,2.0,4.0,0.0,4.51977401129944,0.14,24.69135802469136,4.0,6.0,1.0
2021-01-03 05:00:00,5.0,-0.8619331621590991,5.26315789473684,4.56273764258555,2.80701754385965,0.0,0.0,3.0,1.0,4.0,0.0,0.0,0.05,15.78947368421052,5.0,6.0,1.0
2021-01-03 05:15:00,3.0,-1.9936745192587437,6.45161290322581,3.0188679245283,4.451112778194544,0.0,0.0,1.0,1.0,3.0,0.0,0.0,0.03,6.45161290322581,5.0,6.0,1.0
2021-01-03 05:30:00,8.0,0.6974152978998893,7.86974219810041,5.64784053156146,8.84343008605418,0.0,1.0,4.0,3.0,4.0,0.0,3.52781546811398,0.24,31.47896879240164,5.0,6.0,1.0
2021-01-03 05:45:00,14.0,0.12273835336313696,4.44444444444444,5.04322766570605,5.6477821695212995,1.0,2.0,5.0,9.0,12.0,4.44444444444444,6.46464646464646,1.26,22.2222222222222,5.0,6.0,1.0
2021-01-03 06:00:00,17.0,-1.8061317303060576,7.9136690647482,4.54545454545455,9.90060455018935,1.0,1.0,5.0,6.0,11.0,7.9136690647482,7.19424460431655,1.02,39.568345323741,6.0,6.0,1.0
2021-01-03 06:15:00,25.0,-1.0137168841676192,9.15492957746479,5.47112462006079,11.63091623948639,1.0,3.0,7.0,6.0,16.0,9.15492957746479,25.35211267605633,1.5,64.08450704225353,6.0,6.0,1.0
2021-01-03 06:30:00,19.0,-2.3622919989338493,9.28571428571429,3.63783346806791,11.26201153106983,2.0,1.0,7.0,9.0,10.0,18.57142857142858,8.57142857142857,1.71,65.00000000000003,6.0,6.0,1.0
2021-01-03 06:45:00,13.0,-0.4186261526183341,6.94698354661792,10.126582278481,11.715224585194271,1.0,0.0,4.0,4.0,9.0,6.94698354661792,0.0,0.52,27.78793418647168,6.0,6.0,1.0
2021-01-03 07:00:00,37.0,-1.52657149441577,9.78260869565217,11.587982832618,17.2793431610375,2.0,0.0,9.0,28.0,18.0,19.56521739130434,0.0,10.36,88.04347826086953,7.0,6.0,1.0
2021-01-03 07:15:00,23.0,-1.3618831177857604,7.97101449275362,9.52380952380952,13.21652606532554,0.0,1.0,9.0,12.0,18.0,0.0,7.2463768115942,2.76,71.73913043478258,7.0,6.0,1.0
2021-01-03 07:30:00,15.0,1.7481258156562967,6.90737833594976,9.39226519337017,10.008066124877491,0.0,2.0,9.0,11.0,10.0,0.0,5.65149136577708,1.65,62.16640502354784,7.0,6.0,1.0
2021-01-03 07:45:00,12.0,-0.36583909970231104,6.47590361445783,7.80669144981413,9.36641344755132,1.0,2.0,3.0,6.0,9.0,6.47590361445783,8.69565217391304,0.72,19.42771084337349,7.0,6.0,1.0
2021-01-03 08:00:00,27.0,-1.0599694416893846,8.63309352517986,6.41791044776119,13.13754966176312,1.0,1.0,8.0,16.0,17.0,8.63309352517986,7.9136690647482,4.32,69.06474820143887,8.0,6.0,1.0
2021-01-03 08:15:00,0.0,0.0,0.0,0.0,0.0,0.0,0.0,0.0,0.0,0.0,0.0,0.0,0.0,0.0,0.0,0.0,0.0
2021-01-03 08:30:00,18.0,-1.5637038743765468,10.1461038961039,7.92079207920792,14.787996656808538,3.0,1.0,5.0,12.0,10.0,30.4383116883117,8.8474025974026,2.16,50.730519480519504,8.0,6.0,1.0
2021-01-03 08:45:00,53.0,-0.6592866874652874,7.97101449275362,9.52380952380952,13.21652606532554,2.0,6.0,16.0,17.0,22.0,15.94202898550724,43.478260869565204,9.01,127.53623188405793,8.0,6.0,1.0
2021-01-03 09:00:00,22.0,-0.29667399321447535,8.36363636363636,6.78733031674208,11.16883116883116,0.0,2.0,7.0,8.0,14.0,0.0,10.9090909090909,1.76,58.54545454545452,9.0,6.0,1.0
2021-01-03 09:15:00,0.0,0.0,0.0,0.0,0.0,0.0,0.0,0.0,0.0,0.0,0.0,0.0,0.0,0.0,0.0,0.0,0.0
2021-01-03 09:30:00,6.0,-1.9288873295995075,6.04133545310016,4.51127819548872,4.992294400597765,1.0,1.0,2.0,3.0,4.0,6.04133545310016,4.34782608695652,0.18,12.08267090620032,9.0,6.0,1.0
2021-01-03 09:45:00,31.0,-1.2664381416263746,8.37004405286344,5.57768924302789,7.24581497797357,0.0,3.0,19.0,11.0,24.0,0.0,14.53744493392071,3.41,159.03083700440536,9.0,6.0,1.0
2021-01-03 10:00:00,7.0,-4.158871708668832,8.36653386454183,3.15789473684211,5.38184105682533,1.0,2.0,6.0,5.0,3.0,8.36653386454183,14.34262948207172,0.35,50.19920318725099,10.0,6.0,1.0
2021-01-03 10:15:00,16.0,-2.8552958323307362,8.58208955223881,7.38095238095238,12.835820895522389,0.0,1.0,5.0,6.0,8.0,0.0,7.83582089552239,0.96,42.91044776119405,10.0,6.0,1.0
2021-01-03 10:30:00,24.0,-0.4231588171589005,10.3835360149673,10.0371747211896,16.88059229172245,0.0,5.0,6.0,8.0,10.0,0.0,45.369504209541596,1.92,62.3012160898038,10.0,6.0,1.0
2021-01-03 10:45:00,31.0,-0.6766567909346203,9.03426791277258,8.61833105335157,13.49578736080392,1.0,4.0,7.0,11.0,12.0,9.03426791277258,29.90654205607476,3.41,63.239875389408056,10.0,6.0,1.0
2021-01-03 11:00:00,37.0,-1.8958612427807995,10.2040816326531,7.96019900497512,15.153822723119092,0.0,4.0,8.0,26.0,10.0,0.0,36.734693877551,9.62,81.6326530612248,11.0,6.0,1.0
2021-01-03 11:15:00,13.0,-2.1630400287750517,8.23754789272031,5.57768924302789,9.479946267511039,0.0,1.0,4.0,7.0,9.0,0.0,7.40740740740741,0.91,32.95019157088124,11.0,6.0,1.0
2021-01-03 11:30:00,7.0,-3.4807158108659486,9.27152317880795,4.56273764258555,10.17702011935638,1.0,4.0,3.0,4.0,4.0,9.27152317880795,27.01986754966888,0.28,27.81456953642385,11.0,6.0,1.0
2021-01-03 11:45:00,38.0,-1.8239103796804568,8.25335892514395,6.88259109311741,13.14439946018894,2.0,7.0,15.0,20.0,14.0,16.5067178502879,46.666666666666686,7.6,123.80038387715925,11.0,6.0,1.0
2021-01-03 12:00:00,23.0,-1.72360575163094,9.42895086321381,6.34005763688761,10.13136942675159,1.0,7.0,6.0,8.0,12.0,9.42895086321381,49.04458598726113,1.84,56.57370517928286,12.0,6.0,1.0
2021-01-03 12:15:00,21.0,-1.2051339914372028,7.03481392557023,4.70588235294118,7.79227172040364,2.0,1.0,3.0,16.0,3.0,14.06962785114046,5.43933054393305,3.36,21.10444177671069,12.0,6.0,1.0
2021-01-03 12:30:00,9.0,-0.02529720147704416,7.87172011661808,6.41791044776119,11.18132740552556,0.0,2.0,2.0,1.0,4.0,0.0,11.91489361702128,0.09,15.74344023323616,12.0,6.0,1.0
2021-01-03 12:45:00,0.0,0.0,0.0,0.0,0.0,0.0,0.0,0.0,0.0,0.0,0.0,0.0,0.0,0.0,0.0,0.0,0.0
2021-01-03 13:00:00,6.0,-3.673875667178349,11.3636363636364,4.25963488843813,14.203392955928491,0.0,1.0,3.0,3.0,4.0,0.0,11.3636363636364,0.18,34.0909090909092,13.0,6.0,1.0
2021-01-03 13:15:00,16.0,-1.7023310115374242,8.51063829787234,4.91228070175439,9.89864738979767,1.0,3.0,8.0,7.0,11.0,8.51063829787234,22.340425531914903,1.12,68.08510638297872,13.0,6.0,1.0
2021-01-03 13:30:00,51.0,-0.14225493056873165,8.20610687022901,7.38095238095238,12.77143908722856,2.0,5.0,15.0,19.0,22.0,16.41221374045802,31.46853146853145,9.69,123.09160305343516,13.0,6.0,1.0
2021-01-03 13:45:00,9.0,-2.3261481072711314,7.32484076433121,3.68663594470046,7.112001009018103,0.0,4.0,4.0,3.0,6.0,0.0,25.47770700636944,0.27,29.29936305732484,13.0,6.0,1.0
2021-01-03 14:00:00,17.0,-1.6618361181955912,11.9565217391304,5.57768924302789,15.22754977651358,0.0,1.0,5.0,6.0,7.0,0.0,11.9565217391304,1.02,59.782608695652,14.0,6.0,1.0
2021-01-03 14:15:00,7.0,-1.7238603931636882,8.40336134453782,5.88235294117647,10.64425770308123,0.0,0.0,4.0,5.0,3.0,0.0,0.0,0.35,33.61344537815128,14.0,6.0,1.0
2021-01-03 14:30:00,5.0,-2.701185627495603,8.82352941176471,4.0,6.955436720142606,0.0,1.0,2.0,4.0,3.0,0.0,6.47058823529412,0.2,17.64705882352942,14.0,6.0,1.0
2021-01-03 14:45:00,17.0,-2.557890955855413,8.26446280991736,6.91244239631336,10.73791799598251,3.0,2.0,8.0,6.0,9.0,24.793388429752078,14.1025641025641,1.02,66.11570247933888,14.0,6.0,1.0
2021-01-03 15:00:00,27.0,-0.8565030059029644,8.07453416149068,6.46437994722955,9.51306691667643,0.0,4.0,6.0,9.0,11.0,0.0,24.8447204968944,2.43,48.44720496894408,15.0,6.0,1.0
2021-01-03 15:15:00,14.0,-1.0939691278308246,9.36675461741425,9.82905982905983,13.69776514895249,0.0,4.0,5.0,7.0,6.0,0.0,27.4406332453826,0.98,46.83377308707125,15.0,6.0,1.0
2021-01-03 15:30:00,10.0,-1.2009980044715225,8.15533980582524,4.09356725146199,7.70554852023826,1.0,2.0,5.0,5.0,5.0,8.15533980582524,10.09708737864078,0.5,40.776699029126206,15.0,6.0,1.0
2021-01-03 15:45:00,16.0,-0.9433900351334388,8.94308943089431,5.04731861198738,10.85164952595899,0.0,0.0,5.0,6.0,10.0,0.0,0.0,0.96,44.71544715447155,15.0,6.0,1.0
2021-01-03 16:00:00,0.0,0.0,0.0,0.0,0.0,0.0,0.0,0.0,0.0,0.0,0.0,0.0,0.0,0.0,0.0,0.0,0.0
2021-01-03 16:15:00,17.0,-2.8709127023537016,9.00900900900901,5.74712643678161,9.88919954437196,2.0,0.0,5.0,7.0,13.0,18.01801801801802,0.0,1.19,45.04504504504504,16.0,6.0,1.0
2021-01-03 16:30:00,21.0,-0.49437305940342874,7.19424460431655,4.56165359942979,7.397649486703941,2.0,5.0,4.0,12.0,14.0,14.3884892086331,24.8713550600343,2.52,28.7769784172662,16.0,6.0,1.0
2021-01-03 16:45:00,9.0,-1.9534692228801012,7.31707317073171,3.30188679245283,7.8488520734264,0.0,2.0,3.0,3.0,5.0,0.0,11.92411924119242,0.27,21.95121951219513,16.0,6.0,1.0
2021-01-03 17:00:00,0.0,0.0,0.0,0.0,0.0,0.0,0.0,0.0,0.0,0.0,0.0,0.0,0.0,0.0,0.0,0.0,0.0
2021-01-03 17:15:00,19.0,-1.3691519965933945,7.84982935153584,5.49450549450549,10.88024603382966,0.0,0.0,9.0,7.0,11.0,0.0,0.0,1.33,70.64846416382257,17.0,6.0,1.0
2021-01-03 17:30:00,11.0,-3.2075272622360713,7.89473684210526,3.51288056206089,6.446145243587053,0.0,1.0,4.0,3.0,4.0,0.0,6.57894736842105,0.33,31.57894736842104,17.0,6.0,1.0
2021-01-03 17:45:00,27.0,-2.835495470208966,9.30232558139535,11.5384615384615,15.28920691711389,1.0,3.0,7.0,8.0,17.0,9.30232558139535,22.7906976744186,2.16,65.11627906976744,17.0,6.0,1.0
2021-01-03 18:00:00,17.0,-2.500477239032208,7.46268656716418,6.50224215246637,9.10452771389779,0.0,5.0,6.0,7.0,9.0,0.0,34.74320241691845,1.19,44.77611940298508,18.0,6.0,1.0
2021-01-03 18:15:00,12.0,-2.4752910150516745,11.1111111111111,4.66067048242028,11.71539961013645,0.0,1.0,1.0,7.0,5.0,0.0,9.25925925925926,0.84,11.1111111111111,18.0,6.0,1.0
2021-01-03 18:30:00,19.0,-2.5761022000357707,9.30232558139535,5.3030303030303,10.00219949411635,0.0,7.0,10.0,7.0,8.0,0.0,53.34872979214779,1.33,93.0232558139535,18.0,6.0,1.0
2021-01-03 18:45:00,14.0,-2.411643190189575,10.7638888888889,6.98324022346369,15.3767070142768,1.0,1.0,4.0,3.0,5.0,10.7638888888889,10.0694444444444,0.42,43.0555555555556,18.0,6.0,1.0
2021-01-03 19:00:00,5.0,-1.7596464830078609,6.79156908665105,3.51288056206089,3.32326283987915,0.0,1.0,3.0,2.0,3.0,0.0,3.32326283987915,0.1,20.374707259953148,19.0,6.0,1.0
2021-01-03 19:15:00,11.0,-2.141374184949272,9.29203539823009,4.18006430868167,11.50157926187292,1.0,0.0,7.0,4.0,6.0,9.29203539823009,0.0,0.44,65.04424778761063,19.0,6.0,1.0
2021-01-03 19:30:00,26.0,-1.0937625161995244,9.2436974789916,5.56621880998081,11.43229075862711,0.0,3.0,10.0,9.0,13.0,0.0,21.84873949579833,2.34,92.436974789916,19.0,6.0,1.0
2021-01-03 19:45:00,12.0,-2.9361601931968724,8.26086956521739,4.12371134020619,9.4824016563147,0.0,1.0,4.0,5.0,9.0,0.0,7.10144927536232,0.6,33.04347826086956,19.0,6.0,1.0
2021-01-03 20:00:00,10.0,-1.4807050389226408,6.2992125984252,3.37457817772778,5.67631350142839,0.0,1.0,5.0,4.0,5.0,0.0,3.6144578313253,0.4,31.496062992126,20.0,6.0,1.0
2021-01-03 20:15:00,13.0,-1.2702800072667415,6.97674418604651,4.1522491349481,10.547597972157401,1.0,1.0,5.0,6.0,4.0,6.97674418604651,6.3953488372093,0.78,34.88372093023255,20.0,6.0,1.0
2021-01-03 20:30:00,16.0,-1.7706179175083234,10.0970873786408,8.53658536585366,14.614018470281788,1.0,2.0,9.0,6.0,6.0,10.0970873786408,18.25242718446602,0.96,90.8737864077672,20.0,6.0,1.0
2021-01-03 20:45:00,9.0,-0.9336907433972631,6.33147113594041,3.51288056206089,6.99542282323048,0.0,0.0,4.0,3.0,5.0,0.0,0.0,0.27,25.32588454376164,20.0,6.0,1.0
2021-01-03 21:00:00,8.0,-3.5869505084858275,7.12328767123288,2.32558139534884,5.29602476852527,0.0,2.0,2.0,4.0,5.0,0.0,13.15068493150684,0.32,14.24657534246576,21.0,6.0,1.0
2021-01-03 21:15:00,4.0,-2.4444905342129926,7.47126436781609,4.78927203065134,8.40582231500811,0.0,0.0,1.0,0.0,4.0,0.0,0.0,0.0,7.47126436781609,21.0,6.0,1.0
2021-01-03 21:30:00,8.0,-1.6820322418136149,6.45905420991926,6.22317596566524,7.66616669389291,0.0,1.0,6.0,7.0,7.0,0.0,5.30565167243368,0.56,38.75432525951556,21.0,6.0,1.0
2021-01-03 21:45:00,7.0,-3.9921473804195577,7.14285714285714,3.05810397553517,5.662953254696376,0.0,0.0,3.0,3.0,7.0,0.0,0.0,0.21,21.42857142857142,21.0,6.0,1.0
2021-01-03 22:00:00,12.0,-3.889501865168576,8.38323353293413,3.72960372960373,4.9441826159789,1.0,4.0,5.0,7.0,8.0,8.38323353293413,23.95209580838324,0.84,41.916167664670645,22.0,6.0,1.0
2021-01-03 22:15:00,7.0,-2.2550488625738865,6.45905420991926,3.09278350515464,6.33657950748523,0.0,1.0,4.0,4.0,3.0,0.0,5.30565167243368,0.28,25.83621683967704,22.0,6.0,1.0
2021-01-03 22:30:00,12.0,-2.0612103449944423,6.45905420991926,3.79965457685665,8.687294184510971,0.0,0.0,5.0,7.0,4.0,0.0,0.0,0.84,32.2952710495963,22.0,6.0,1.0
2021-01-03 22:45:00,7.0,-0.6188421975656195,8.08678500986193,6.3758389261745,13.59424433766199,1.0,0.0,2.0,3.0,6.0,8.08678500986193,0.0,0.21,16.17357001972386,22.0,6.0,1.0
2021-01-03 23:00:00,7.0,-2.7791099357093705,12.9411764705882,4.58015267175572,16.16973506960037,1.0,1.0,5.0,4.0,5.0,12.9411764705882,12.3529411764706,0.28,64.705882352941,23.0,6.0,1.0
2021-01-03 23:15:00,8.0,-3.8982369452234127,10.7061503416856,6.66150271107669,12.656396394170981,1.0,2.0,3.0,3.0,4.0,10.7061503416856,20.0455580865604,0.24,32.1184510250568,23.0,6.0,1.0
2021-01-03 23:30:00,7.0,-1.2140800074956057,8.53080568720379,11.1111111111111,13.536104347330799,0.0,1.0,3.0,4.0,5.0,0.0,5.30565167243368,0.28,25.59241706161137,23.0,6.0,1.0
2021-01-03 23:45:00,3.0,-5.2465028243574965,6.45905420991926,1.15340253748558,0.17744654422855,0.0,1.0,2.0,3.0,2.0,0.0,5.30565167243368,0.09,12.91810841983852,23.0,6.0,1.0
